{"version":"0.4","title":"Home","type":"page","content":[{"id":"6df63eac","settings":[],"elements":[{"id":"25be2e8f","settings":{"_column_size":100,"_inline_size":null},"elements":[{"id":"795fb2db","settings":{"revslidertitle":"Slider Medicine","shortcode":"[rev_slider alias=\"slider-medicine\" slidertitle=\"Slider Medicine\"][\/rev_slider]"},"elements":[],"isInner":false,"widgetType":"slider_revolution","elType":"widget"}],"isInner":false,"elType":"column"}],"isInner":false,"elType":"section"},{"id":"2deed2d","settings":{"stretch_section":"section-stretched","structure":"20","background_background":"classic","background_color":"#FFFFFF","padding":{"unit":"px","top":"40","right":"0","bottom":"0","left":"0","isLinked":false},"padding_mobile":{"unit":"px","top":"15","right":"0","bottom":"0","left":"0","isLinked":false}},"elements":[{"id":"24b1816","settings":{"_column_size":50,"_inline_size":null},"elements":[{"id":"7d677f91","settings":{"image":{"url":"https:\/\/elementor.thembay.com\/diza_medicine\/wp-content\/uploads\/2020\/07\/banner-1.png","id":1987},"link_to":"custom","link":{"url":"https:\/\/elementor.thembay.com\/diza_medicine\/shop\/","is_external":"","nofollow":"","custom_attributes":""}},"elements":[],"isInner":false,"widgetType":"image","elType":"widget"}],"isInner":false,"elType":"column"},{"id":"2c7493b7","settings":{"_column_size":50,"_inline_size":null},"elements":[{"id":"1f5ef32c","settings":{"image":{"url":"https:\/\/elementor.thembay.com\/diza_medicine\/wp-content\/uploads\/2020\/07\/banner-2.png","id":1988},"link_to":"custom","link":{"url":"https:\/\/elementor.thembay.com\/diza_medicine\/shop\/","is_external":"","nofollow":"","custom_attributes":""},"_padding_mobile":{"unit":"px","top":"15","right":"0","bottom":"0","left":"0","isLinked":false}},"elements":[],"isInner":false,"widgetType":"image","elType":"widget"}],"isInner":false,"elType":"column"}],"isInner":false,"elType":"section"},{"id":"619789f5","settings":{"stretch_section":"section-stretched","structure":"20","background_background":"classic","background_color":"#FFFFFF","padding":{"unit":"px","top":"34","right":"0","bottom":"0","left":"0","isLinked":false}},"elements":[{"id":"32af09d3","settings":{"_column_size":50,"_inline_size":75,"_inline_size_tablet":100},"elements":[{"id":"789cd459","settings":{"heading_title":"Featured Products","categories":["anti-fungal-anti-itch","cough-cold-allergy","pain-fever-relief","sleep-aids","stomach-remedies"],"column":"3","col_desktop":"3","heading_style_padding":{"unit":"px","top":"0","right":"0","bottom":"7","left":"0","isLinked":false},"heading_categories_tab_padding":{"unit":"px","top":"0","right":"0","bottom":"28","left":"0","isLinked":false},"col_desktopsmall":"3","heading_title_typography_typography":"custom"},"elements":[],"isInner":false,"widgetType":"tbay-product-categories-tabs","elType":"widget"},{"id":"7202d7db","settings":{"height_inner":"min-height","custom_height_inner":{"unit":"px","size":260,"sizes":[]},"background_background":"classic","background_image":{"url":"https:\/\/elementor.thembay.com\/diza_medicine\/wp-content\/uploads\/2020\/07\/banner-4.png","id":2004},"background_position":"top center","background_repeat":"no-repeat","background_size":"cover"},"elements":[{"id":"1e917910","settings":{"_column_size":100,"_inline_size":null,"content_position":"center"},"elements":[{"id":"5c5f1c80","settings":{"title":"Buy all your medicines<br>\nat 50% offer","title_color":"#FFFFFF","typography_typography":"custom","typography_font_family":"Roboto","typography_font_size":{"unit":"px","size":28,"sizes":[]},"typography_font_weight":"400","typography_line_height":{"unit":"px","size":40,"sizes":[]},"_padding":{"unit":"px","top":"0","right":"0","bottom":"50","left":"25","isLinked":false},"_padding_tablet":{"unit":"px","top":"0","right":"0","bottom":"30","left":"20","isLinked":false},"_padding_mobile":{"unit":"px","top":"0","right":"0","bottom":"20","left":"0","isLinked":false}},"elements":[],"isInner":false,"widgetType":"heading","elType":"widget"},{"id":"67eea936","settings":{"text":"Explore Now!","link":{"url":"https:\/\/elementor.thembay.com\/diza_medicine\/shop\/","is_external":"","nofollow":"","custom_attributes":""},"typography_typography":"custom","typography_font_size":{"unit":"px","size":16,"sizes":[]},"typography_line_height":{"unit":"px","size":16,"sizes":[]},"background_color":"rgba(2, 1, 1, 0)","text_padding":{"unit":"px","top":"0","right":"0","bottom":"0","left":"0","isLinked":false},"_padding":{"unit":"px","top":"0","right":"0","bottom":"0","left":"25","isLinked":false},"_padding_tablet":{"unit":"px","top":"0","right":"0","bottom":"0","left":"20","isLinked":false},"_padding_mobile":{"unit":"px","top":"0","right":"0","bottom":"0","left":"0","isLinked":false},"_border_color":"#FFFFFF"},"elements":[],"isInner":false,"widgetType":"button","elType":"widget"}],"isInner":true,"elType":"column"}],"isInner":true,"elType":"section"},{"id":"7e945408","settings":{"heading_title":"Last chance to buy","heading_style_padding":{"unit":"px","top":"36","right":"0","bottom":"18","left":"0","isLinked":false},"categories":["anti-fungal-anti-itch","cough-cold-allergy"],"product_style":"vertical-v1","column":"3","col_desktop":"3","col_desktopsmall":"3"},"elements":[],"isInner":false,"widgetType":"tbay-products","elType":"widget"}],"isInner":false,"elType":"column"},{"id":"10ee346f","settings":{"_column_size":50,"_inline_size":25,"_inline_size_tablet":100},"elements":[{"id":"770508d","settings":{"heading_title":"Deal of the Day","countdown_title":"","products":["67","747","1634"],"column":"1","col_desktop":"1","pagination":"yes","layout_type":"carousel","col_desktopsmall":"3","col_landscape":"1","heading_style_padding":{"unit":"px","top":"0","right":"0","bottom":"29","left":"0","isLinked":false},"heading_title_typography_typography":"custom","heading_title_typography_line_height":{"unit":"px","size":27,"sizes":[]},"heading_title_typography_font_size":{"unit":"px","size":20,"sizes":[]},"navigation":"","column_tablet":"2","heading_title_typography_font_size_tablet":{"unit":"px","size":24,"sizes":[]},"heading_title_typography_line_height_tablet":{"unit":"px","size":32,"sizes":[]},"column_mobile":"1","disable_mobile":"","_padding_tablet":{"unit":"px","top":"50","right":"0","bottom":"0","left":"0","isLinked":false}},"elements":[],"isInner":false,"widgetType":"tbay-product-count-down","elType":"widget"},{"id":"4a120517","settings":{"product_style":"vertical-v1","column":"1","heading_title":"Top Rating","heading_icon_size":{"unit":"px","size":17,"sizes":[]},"heading_style_padding":{"unit":"px","top":"0","right":"0","bottom":"19","left":"0","isLinked":false},"_padding":{"unit":"px","top":"35","right":"0","bottom":"0","left":"0","isLinked":false},"heading_title_typography_typography":"custom","heading_title_typography_font_size":{"unit":"px","size":20,"sizes":[]},"heading_title_typography_line_height":{"unit":"px","size":27,"sizes":[]},"limit":5,"col_desktop":"1","heading_title_typography_font_size_tablet":{"unit":"px","size":24,"sizes":[]},"heading_title_typography_line_height_tablet":{"unit":"px","size":32,"sizes":[]},"col_desktopsmall":"3"},"elements":[],"isInner":false,"widgetType":"tbay-products","elType":"widget"},{"id":"7e2a354b","settings":{"background_background":"classic","background_image":{"url":"https:\/\/elementor.thembay.com\/diza_medicine\/wp-content\/uploads\/2020\/07\/banner-3.png","id":2002},"background_position":"top right","margin":{"unit":"px","top":"30","right":0,"bottom":"0","left":0,"isLinked":false},"margin_tablet":{"unit":"px","top":"30","right":0,"bottom":"0","left":0,"isLinked":false},"padding_tablet":{"unit":"px","top":"0","right":"0","bottom":"0","left":"0","isLinked":true}},"elements":[{"id":"6dcaf75e","settings":{"_column_size":100,"_inline_size":null},"elements":[{"id":"717982a","settings":{"editor":"<p>Nutritional Supplements <strong>discount<\/strong><\/p>","text_color":"#0B132B","typography_typography":"custom","typography_font_size":{"unit":"px","size":24,"sizes":[]},"typography_line_height":{"unit":"px","size":32,"sizes":[]},"_padding":{"unit":"px","top":"33","right":"105","bottom":"0","left":"15","isLinked":false},"_padding_mobile":{"unit":"px","top":"33","right":"0","bottom":"0","left":"15","isLinked":false}},"elements":[],"isInner":false,"widgetType":"text-editor","elType":"widget"},{"id":"33e8c344","settings":{"editor":"<p>25% Off<\/p>","text_color":"#006FDD","typography_typography":"custom","typography_font_size":{"unit":"px","size":24,"sizes":[]},"typography_line_height":{"unit":"px","size":40,"sizes":[]},"_padding":{"unit":"px","top":"0","right":"0","bottom":"163","left":"15","isLinked":false},"_padding_tablet":{"unit":"px","top":"0","right":"0","bottom":"27","left":"15","isLinked":false}},"elements":[],"isInner":false,"widgetType":"text-editor","elType":"widget"}],"isInner":true,"elType":"column"}],"isInner":true,"elType":"section"}],"isInner":false,"elType":"column"}],"isInner":false,"elType":"section"},{"id":"42adfa4a","settings":{"stretch_section":"section-stretched","background_background":"classic","background_color":"#F8F8F8","margin":{"unit":"px","top":"25","right":0,"bottom":"0","left":0,"isLinked":false},"padding":{"unit":"px","top":"31","right":"0","bottom":"31","left":"0","isLinked":false}},"elements":[{"id":"b1237d4","settings":{"_column_size":100,"_inline_size":null},"elements":[{"id":"60bc648a","settings":{"features":[{"feature_title":"Shipping <br>worldwide","feature_desc":"Ut enim ad minim veniam","feature_type":"icon","type_icon":{"value":"tb-icon tb-icon-shipping-worldwide","library":"tbay-custom"},"feature_margin_icon":{"unit":"px","top":"","right":"","bottom":"","left":"","isLinked":true},"feature_margin_icon_tablet":{"unit":"px","top":"","right":"","bottom":"","left":"","isLinked":true},"feature_margin_icon_mobile":{"unit":"px","top":"","right":"","bottom":"","left":"","isLinked":true},"_id":"4734fbd","feature_font_size_icon":{"unit":"px","size":20,"sizes":[]},"feature_font_size_icon_tablet":{"unit":"px","size":"","sizes":[]},"feature_font_size_icon_mobile":{"unit":"px","size":"","sizes":[]}},{"feature_title":"Free <br> returns","feature_desc":"Ut enim ad minim veniam","feature_type":"icon","type_icon":{"value":"tb-icon tb-icon-free-return","library":"tbay-custom"},"feature_margin_icon":{"unit":"px","top":"","right":"","bottom":"","left":"","isLinked":true},"feature_margin_icon_tablet":{"unit":"px","top":"","right":"","bottom":"","left":"","isLinked":true},"feature_margin_icon_mobile":{"unit":"px","top":"","right":"","bottom":"","left":"","isLinked":true},"feature_font_size_icon":{"unit":"px","size":20,"sizes":[]},"feature_font_size_icon_tablet":{"unit":"px","size":"","sizes":[]},"feature_font_size_icon_mobile":{"unit":"px","size":"","sizes":[]},"_id":"9888b97"},{"feature_title":"Order <br>tracking","feature_desc":"Ut enim ad minim veniam","feature_type":"icon","type_icon":{"value":"tb-icon tb-icon-location","library":"tbay-custom"},"feature_margin_icon":{"unit":"px","top":"","right":"","bottom":"","left":"","isLinked":true},"feature_margin_icon_tablet":{"unit":"px","top":"","right":"","bottom":"","left":"","isLinked":true},"feature_margin_icon_mobile":{"unit":"px","top":"","right":"","bottom":"","left":"","isLinked":true},"feature_font_size_icon":{"unit":"px","size":20,"sizes":[]},"feature_font_size_icon_tablet":{"unit":"px","size":"","sizes":[]},"feature_font_size_icon_mobile":{"unit":"px","size":"","sizes":[]},"_id":"abab8ae"},{"feature_title":"Order <br>tracking","feature_desc":"Ut enim ad minim veniam","feature_type":"icon","type_icon":{"value":"tb-icon tb-icon-fast-delivery","library":"tbay-custom"},"feature_margin_icon":{"unit":"px","top":"","right":"","bottom":"","left":"","isLinked":true},"feature_margin_icon_tablet":{"unit":"px","top":"","right":"","bottom":"","left":"","isLinked":true},"feature_margin_icon_mobile":{"unit":"px","top":"","right":"","bottom":"","left":"","isLinked":true},"feature_font_size_icon":{"unit":"px","size":20,"sizes":[]},"feature_font_size_icon_tablet":{"unit":"px","size":"","sizes":[]},"feature_font_size_icon_mobile":{"unit":"px","size":"","sizes":[]},"_id":"408018e"}],"feature_font_size_icon":{"unit":"px","size":28,"sizes":[]},"feature_margin_icon":{"unit":"px","top":"11","right":"16","bottom":"0","left":"0","isLinked":false},"features_title_typography_typography":"custom","features_title_typography_font_family":"Nunito Sans","features_title_typography_font_size":{"unit":"px","size":14,"sizes":[]},"features_title_typography_font_weight":"bold","features_title_typography_text_transform":"uppercase","features_title_typography_line_height":{"unit":"px","size":20,"sizes":[]},"feature_title_color":"#0B132B","features_title_desc_typography":"custom","features_title_desc_font_family":"Roboto","features_title_desc_font_size":{"unit":"px","size":15,"sizes":[]},"features_title_desc_line_height":{"unit":"px","size":26,"sizes":[]},"feature_desc_color":"#828895","spacing_desc":{"unit":"px","top":"0","right":"0","bottom":"0","left":"0","isLinked":false},"feature_align":"left","column_tablet":"2"},"elements":[],"isInner":false,"widgetType":"tbay-features","elType":"widget"}],"isInner":false,"elType":"column"}],"isInner":false,"elType":"section"},{"id":"52ef1b6","settings":{"stretch_section":"section-stretched","padding":{"unit":"px","top":"10","right":"0","bottom":"30","left":"0","isLinked":false},"padding_mobile":{"unit":"px","top":"30","right":"0","bottom":"0","left":"0","isLinked":false}},"elements":[{"id":"476284d9","settings":{"_column_size":100,"_inline_size":null},"elements":[{"id":"23a876da","settings":{"heading_title":"Best sellers","limit":10,"layout_type":"carousel","categories":["anti-fungal-anti-itch","pain-fever-relief"],"heading_title_typography_typography":"custom","heading_style_padding_mobile":{"unit":"px","top":"0","right":"0","bottom":"20","left":"0","isLinked":false},"col_desktop":"3","col_desktopsmall":"3"},"elements":[],"isInner":false,"widgetType":"tbay-products","elType":"widget"}],"isInner":false,"elType":"column"}],"isInner":false,"elType":"section"},{"id":"7d5d8910","settings":{"stretch_section":"section-stretched","background_background":"classic","background_color":"#F7F7F7","padding":{"unit":"px","top":"65","right":"0","bottom":"40","left":"0","isLinked":false}},"elements":[{"id":"4c56caa7","settings":{"_column_size":100,"_inline_size":null},"elements":[{"id":"6cc37347","settings":{"layout_type":"carousel","testimonials":[{"testimonial_image":{"url":"https:\/\/elementor.thembay.com\/diza_medicine\/wp-content\/uploads\/2020\/06\/term-01.png","id":532},"testimonial_name":"Murielle B","testimonial_job":"Supporter","testimonial_excerpt":"I am so pleased with this product. Medical saved my\nbusiness. I am really satisfied with my medical. Medical is\nexactly what our business has been lacking.","_id":"897048f"},{"testimonial_image":{"url":"https:\/\/elementor.thembay.com\/diza_medicine\/wp-content\/uploads\/2020\/06\/term-02.png","id":533},"testimonial_name":"Name 2","testimonial_job":"Job 2","testimonial_excerpt":"I am so pleased with this product. Medical saved my\nbusiness. I am really satisfied with my medical. Medical is\nexactly what our business has been lacking.","_id":"a08884b"},{"testimonial_image":{"url":"https:\/\/elementor.thembay.com\/diza_medicine\/wp-content\/uploads\/2020\/06\/term-04.png","id":535},"testimonial_name":"Name 3","testimonial_job":"Job 3","testimonial_excerpt":"I am so pleased with this product. Medical saved my\nbusiness. I am really satisfied with my medical. Medical is\nexactly what our business has been lacking.","_id":"8c84514"},{"testimonial_image":{"url":"https:\/\/elementor.thembay.com\/diza_medicine\/wp-content\/uploads\/2020\/06\/term-06.png","id":537},"testimonial_name":"Name 4","testimonial_job":"Job 4","testimonial_excerpt":"I am so pleased with this product. Medical saved my\nbusiness. I am really satisfied with my medical. Medical is\nexactly what our business has been lacking.","_id":"cdd469c"}],"column":"1","column_tablet":"1","col_desktop":"1","col_desktopsmall":"1","col_landscape":"1","column_mobile":"1","disable_mobile":""},"elements":[],"isInner":false,"widgetType":"tbay-testimonials","elType":"widget"}],"isInner":false,"elType":"column"}],"isInner":false,"elType":"section"}],"page_settings":{"hide_title":"yes"}}