<wpml-config>
	<admin-texts>
        <key name="diza_tbay_theme_options">
            <key name="logo_img_width" />
            <key name="logo_tablets_img_width" />
            <key name="header_type" />
            <key name="footer_type" />
            <key name="mobile-logo" />
            <key name="logo_img_width_mobile" />
            <key name="menu_mobile_title" />
            <key name="mobile_footer_slides" />
            <key name="menu_mobile_one_select" />
            <key name="menu_mobile_tab_one" />
            <key name="menu_mobile_tab_one_icon" />
            <key name="menu_mobile_tab_scond" />
            <key name="menu_mobile_second_select" />
            <key name="menu_mobile_tab_second_icon" />
            <key name="html_before_add_to_cart_btn" />
            <key name="html_after_add_to_cart_btn" />
        </key>
    </admin-texts>
    <custom-types>
        <custom-type translate="1">tbay_brand</custom-type>
        <custom-type translate="1">tbay_footer</custom-type>
        <custom-type translate="1">tbay_megamenu</custom-type>
        <custom-type translate="1">tbay_testimonial</custom-type>
    </custom-types>
</wpml-config> 